{
  "posts": [
    {
      "id": 1,
      "title": "json-server",
      "author": "typicode"
    }
  ],
  "comments": [
    {
      "id": 1,
      "body": "some comment",
      "postId": 1
    }
  ],
  "profile": {
    "name": "typicode"
  },
  "users": [
    {
      "id": 1,
      "email": "john@example.com",
      "userName": "John Doe",
      "password": "123456"
    },
    {
      "id": 2,
      "email": "jane@example.com",
      "userName": "Jane Smith",
      "password": "abcdef"
    }
  ],
  "products": [
    {
      "id": 1,
      "name": "Product A",
      "description": "Description A",
      "image": "https://example.com/imageA.jpg",
      "price": 10.99
    },
    {
      "id": 2,
      "name": "Product B",
      "description": "Description B",
      "image": "https://example.com/imageB.jpg",
      "price": 19.99
    }
  ]
  
}